Admin announcement : WELCOME,welcome teachers and student,230506ADM01,1
Admin announcement : WELCOME,welcome teachers and student,230506ADM01,2
Admin announcement : WELCOME,welcome teachers and student,230506ADM01,3
Admin announcement : WELCOME,welcome teachers and student,230506ADM01,4
Admin announcement : WELCOME,welcome teachers and student,230506ADM01,5
Admin announcement : WELCOME,welcome teachers and student,230506ADM01,6
Admin announcement : WELCOME,welcome teachers and student,230506ADM01,7
Admin announcement : WELCOME,welcome teachers and student,230506ADM01,8
Admin announcement : WELCOME,welcome teachers and student,230506ADM01,9
Admin announcement : WELCOME,welcome teachers and student,230506ADM01,10
Teacher announcement : Teacher Announcement,Announcements for students,230516TCH01,11
Teacher announcement : Teacher Announcement,Announcements for students,230516TCH01,12
Teacher announcement : Teacher Announcement,Announcements for students,230516TCH01,13
Teacher announcement : Teacher Announcement,Announcements for students,230516TCH01,14
Teacher announcement : Teacher Announcement,Announcements for students,230516TCH01,15
Teacher announcement : Teacher Announcement,Announcements for students,230516TCH01,16
Teacher announcement : Teacher Announcement,Announcements for students,230516TCH01,17
Teacher announcement : Teacher Announcement,Announcements for students,230516TCH01,18
Teacher announcement : Teacher Announcement,Announcements for students,230516TCH01,19
Teacher announcement : Teacher Announcement,Announcements for students,230516TCH01,20